<?xml version="1.0" encoding="UTF-8"?>
<keywords>
   <keywords>
      <text FeatureID="-1">exchange rates</text>
      <target FeatureID="-1" href="CNV_HLP_RATES.html">Currency settings</target>
   </keywords>
   <keywords>
      <text FeatureID="-1">base currency</text>
      <target FeatureID="-1" href="CNV_HLP_RATES.html">Currency settings</target>
   </keywords>
   <keywords>
      <text FeatureID="-1">currency conversion</text>
      <target FeatureID="-1" href="CNV_HLP_RATES.html">Currency settings</target>
   </keywords>
   <keywords>
      <text FeatureID="-1">converter</text>
      <target FeatureID="-1" href="CNV_HLP_MAIN_STATE.html">Convert units</target>
   </keywords>
   <keywords>
      <text FeatureID="-1">converting currency</text>
      <target FeatureID="-1" href="CNV_HLP_MAIN_STATE.html">Convert units</target>
   </keywords>
</keywords>